Название,Тип,Цена,Производитель
Товар1,Тип1,967,ApexAssembly
Товар2,Тип2,868,UniversalMakers
Товар3,Тип3,884,FutureFactories
Товар4,Тип4,888,TechSolutions
Товар5,Тип5,600,SuperiorSuppliers
Товар6,Тип6,638,PremierProducts
Товар7,Тип7,760,QualityCraft
Товар8,Тип8,500,NextGenFabricators
Товар9,Тип9,995,InfinityIndustries
Товар10,Тип10,644,PrimeProducers
Товар11,Тип1,755,InfinityIndustries
Товар12,Тип2,715,PremierProducts
Товар13,Тип3,836,ParamountParts
Товар14,Тип4,705,PinnacleProduction
Товар15,Тип5,915,QualityCraft
Товар16,Тип6,859,ApexAssembly
Товар17,Тип7,592,InfinityIndustries
Товар18,Тип8,870,UniversalMakers
Товар19,Тип9,835,QualityCraft
Товар20,Тип10,691,UniversalMakers
Товар21,Тип1,870,ParamountParts
Товар22,Тип2,531,InfinityIndustries
Товар23,Тип3,767,MasterMakers
Товар24,Тип4,629,PremierProducts
Товар25,Тип5,520,PrimeProducers
Товар26,Тип6,512,PremierProducts
Товар27,Тип7,766,InfinityIndustries
Товар28,Тип8,844,TechSolutions
Товар29,Тип9,594,ParamountParts
Товар30,Тип10,937,NextGenFabricators
Товар31,Тип1,589,FutureFactories
Товар32,Тип2,868,NextGenFabricators
Товар33,Тип3,893,NextGenFabricators
Товар34,Тип4,623,InfinityIndustries
Товар35,Тип5,873,UniversalMakers
Товар36,Тип6,991,FutureFactories
Товар37,Тип7,786,GlobalManufacture
Товар38,Тип8,613,MasterMakers
Товар39,Тип9,834,FutureFactories
Товар40,Тип10,829,UniversalMakers
Товар41,Тип1,859,DynamicCreations
Товар42,Тип2,868,DynamicCreations
Товар43,Тип3,953,PremierProducts
Товар44,Тип4,527,ParamountParts
Товар45,Тип5,515,InfinityIndustries
Товар46,Тип6,635,PremierProducts
Товар47,Тип7,918,DynamicCreations
Товар48,Тип8,932,DynamicCreations
Товар49,Тип9,981,MasterMakers
Товар50,Тип10,908,SuperiorSuppliers
Товар51,Тип1,610,ApexAssembly
Товар52,Тип2,948,SuperiorSuppliers
Товар53,Тип3,988,NextGenFabricators
Товар54,Тип4,904,PrimeProducers
Товар55,Тип5,888,PremierProducts
Товар56,Тип6,620,PinnacleProduction
Товар57,Тип7,984,QualityCraft
Товар58,Тип8,938,TechSolutions
Товар59,Тип9,585,MasterMakers
Товар60,Тип10,767,MasterMakers
Товар61,Тип1,883,GlobalManufacture
Товар62,Тип2,939,SuperiorSuppliers
Товар63,Тип3,650,ApexAssembly
Товар64,Тип4,538,NextGenFabricators
Товар65,Тип5,884,GlobalManufacture
Товар66,Тип6,531,ParamountParts
Товар67,Тип7,685,QualityCraft
Товар68,Тип8,536,DynamicCreations
Товар69,Тип9,695,InfinityIndustries
Товар70,Тип10,612,QualityCraft
Товар71,Тип1,539,PinnacleProduction
Товар72,Тип2,626,GlobalManufacture
Товар73,Тип3,603,TechSolutions
Товар74,Тип4,697,InfinityIndustries
Товар75,Тип5,508,FutureFactories
Товар76,Тип6,588,QualityCraft
Товар77,Тип7,775,PinnacleProduction
Товар78,Тип8,584,QualityCraft
Товар79,Тип9,669,PremierProducts
Товар80,Тип10,907,NextGenFabricators
Товар81,Тип1,509,TechSolutions
Товар82,Тип2,668,UniversalMakers
Товар83,Тип3,754,QualityCraft
Товар84,Тип4,843,NextGenFabricators
Товар85,Тип5,549,DynamicCreations
Товар86,Тип6,716,FutureFactories
Товар87,Тип7,514,InfinityIndustries
Товар88,Тип8,814,ApexAssembly
Товар89,Тип9,638,FutureFactories
Товар90,Тип10,849,NextGenFabricators
Товар91,Тип1,630,SuperiorSuppliers
Товар92,Тип2,912,NextGenFabricators
Товар93,Тип3,752,NextGenFabricators
Товар94,Тип4,891,DynamicCreations
Товар95,Тип5,790,PinnacleProduction
Товар96,Тип6,898,MasterMakers
Товар97,Тип7,973,ApexAssembly
Товар98,Тип8,662,DynamicCreations
Товар99,Тип9,727,NextGenFabricators
Товар100,Тип10,988,ParamountParts
